benefit_type,proportion
medical,33.33333333333333
dental,33.33333333333333
vision,33.33333333333333
